id,name,read,pattern,sequence,feature_type,library_pattern
c268,ID-8585,R2,5PNNNNNNNNNN(BC),TAACCACTGGATGAT,Antibody Capture,PrGa02_L3
c255,ID-4095,R2,5PNNNNNNNNNN(BC),AAGTATCGTTTCGCA,Antibody Capture,PrGa02_L4
c265,ID-8569,R2,5PNNNNNNNNNN(BC),CTCAGTGCATTCTGG,Antibody Capture,PrGa02_L5
c266,ID-6277,R2,5PNNNNNNNNNN(BC),CAAACCAACAGTTCG,Antibody Capture,PrGa02_L5
c267,ID-7937,R2,5PNNNNNNNNNN(BC),ACCCTTCCCTTCGTT,Antibody Capture,PrGa02_L6
c252,ID-8595,R2,5PNNNNNNNNNN(BC),TGATGGCCTATTGGG,Antibody Capture,PrGa01_L1
c254,ID-8573,R2,5PNNNNNNNNNN(BC),AGTAAGTTCAGCGTA,Antibody Capture,PrGa01_L1
c253,ID-7928,R2,5PNNNNNNNNNN(BC),TTCCGCCTCTCTTTG,Antibody Capture,PrGa01_L2
c255,ID-8588,R2,5PNNNNNNNNNN(BC),AAGTATCGTTTCGCA,Antibody Capture,PrGa01_L2
,,,,,,
,,,,,,
,,,,,,
,,,,,,
,,,,,,
,,,,,,
,,,,,,
,,,,,,
,,,,,,
,,,,,,
,,,,,,
,,,,,,
,,,,,,
