Sample Name,Pool Name,Library Size (bp),Library Prep Method,Index 1 i7 (Name),Index 1 i7 (Sequence),Index 2 i5 (Name),Index 2 i5 (Sequence-WORKFLOW A),Index 2 i5 (Sequence-WORKFLOW B),Conc (ng/uL),Volume (ul),Quantification Method
JLee_Chemo_04_Hu_3_B_Myeloid_6D_Gex,NV142_Pool1,508,10X_5'v2,SI-TT-G2,CATGTGGGTT,SI-TT-G2,#NAME?,TAAAGGAATC, , ,qPCR
PrGa02_Hu_L6_1D_Gex_4,,525,10X_5'v2,SI-TT-A12,CACCGCACCA,SI-TT-A12,#NAME?,ATTGACAGTC, , ,qPCR
HaFe01_Mouse_1_NK_NorT_5D_Gex,,537,10X_5'v2,SI-TT-G4,GCGCTTATGG,SI-TT-G4,#NAME?,CTAGCCAGGC, , ,qPCR
JLee_Chemo04_Hu_2_CD8_6D_TCR,,603,10X_5'v2,SI-TT-G8,TAAGCAACTG,SI-TT-G8,#NAME?,TTGAGTATAG, , ,qPCR
PrGa02_Hu_L6_1D_CITE_4,,238,10X_5'v2,SI-TN-G12,ATTGGCGCAA,SI-TN-G12,#NAME?,TTGCAATTGA, , ,qPCR
HaFe01_Mo_1_NK_NorT_5D_TCR,,608,10X_5'v2,SI-TT-G10,ACTTTACGTG,SI-TT-G10,#NAME?,AGGGCGTTCA, , ,qPCR
HaFe01_Mouse_2_NorNK_TumT_5D_Gex,NV142_Pool2,532,10X_5'v2,SI-TT-G5,ATAGGGCGAG,SI-TT-G5,#NAME?,ACTCGATGCA, , ,qPCR
HaFe01_Mouse_3_Myeloid_5D_Gex,,499,10X_5'v2,SI-TT-G6,GCGGGTAAGT,SI-TT-G6,#NAME?,CTTAGTGCTA, , ,qPCR
HaFe01_Mouse_4_LN_T_5D_Gex,,533,10X_5'v2,SI-TT-G7,GTTTCACGAT,SI-TT-G7,#NAME?,TTTGGCCGAA, , ,qPCR
HaFe01_Mo_2_NorNK_TumT_5D_TCR,,596,10X_5'v2,SI-TT-G11,GATAACCTGC,SI-TT-G11,#NAME?,GTTTCTAATG, , ,qPCR
HaFe01_Mo_4_LN_T_5D_TCR,,618,10X_5'v2,SI-TT-G12,CTTGCATAAA,SI-TT-G12,#NAME?,AAGCCCTGAT, , ,qPCR
JLee_Chemo04_Hu_2_CD8_6D_CITE,,243,10X_5'v2,SI-TN-E12,TCGGGAGCTG,SI-TN-E12,#NAME?,TGCAGTCTGG, , ,qPCR
JLee_Chemo04_Hu_3_B_Myeloid_6D_CITE,,218,10X_5'v2,SI-TN-F1,CCTGGCTATA,SI-TN-F1,#NAME?,TTTGTGAGGG, , ,qPCR
U_937,,300,Nextera xt,UDI_Plate_1_D11,GATCGAGTAT,UDI_Plate_1_D11,#NAME?,GACGAACTGT, , ,qPCR
JLee_Chemo04_Hu_4_CD4_6D_CITE,NV142_Pool3,213,10X_5'v2,SI-TN-F2,ACTTGTTCGA,SI-TN-F2,#NAME?,CACCCATCCA, , ,qPCR
HaFe01_Mo_1_NK_NorT_5D_CITE,,216,10X_5'v2,SI-TN-F3,AACCATTAGT,SI-TN-F3,#NAME?,CCCGACATAC, , ,qPCR
HaFe01_Mo_2_NorNK_TumT_5D_CITE,,218,10X_5'v2,SI-TN-F4,TTGCGGGACT,SI-TN-F4,#NAME?,GCGATCCTCA, , ,qPCR
HaFe01_Mo_3_Myeloid_5D_CITE,,218,10X_5'v2,SI-TN-F5,GAGCGAAAGC,SI-TN-F5,#NAME?,TTGGTAAGGA, , ,qPCR
HaFe01_Mo_4_LN_T_5D_CITE,,220,10X_5'v2,SI-TN-F6,AGCATCACAT,SI-TN-F6,#NAME?,TCCTCTACGA, , ,qPCR
PrGa01_Hu_L2_2D_CITE_2,,248,10X_5'v2,SI-TN-G8,GACCGCCTTT,SI-TN-G8,#NAME?,ACGAGTTAAA, , ,qPCR
PrGa02_Hu_L4_1D_Gex_2,,527,10X_5'v2,SI-TT-A10,CGTGACATGC,SI-TT-A10,#NAME?,TTTAGACCAT, , ,qPCR
PrGa02_Hu_L5_2D_Gex_3,,511,10X_5'v2,SI-TT-A11,CGGAACCCAA,SI-TT-A11,#NAME?,TCCTCGAATC, , ,qPCR
PrGa02_Hu_L3_1D_TCR_1,,534,10X_5'v2,SI-TT-A3,CACTACGAAA,SI-TT-A3,#NAME?,ATCAGTCTAA, , ,qPCR
PrGa02_Hu_L4_1D_TCR_2,,604,10X_5'v2,SI-TT-A4,CTCTAGCGAG,SI-TT-A4,#NAME?,GATGAAGATA, , ,qPCR
PrGa02_Hu_L5_2D_TCR_3,,598,10X_5'v2,SI-TT-A5,GTAGCCCTGT,SI-TT-A5,#NAME?,ATAGATGCTC, , ,qPCR
PrGa02_Hu_L6_1D_TCR_4,,526,10X_5'v2,SI-TT-A6,TAACGCGTGA,SI-TT-A6,#NAME?,GAAGTTAGGG, , ,qPCR
PrGa02_Hu_L3_1D_CITE_1,,245,10X_5'v2,SI-TN-G9,TCCCGACCTG,SI-TN-G9,#NAME?,TTGGTGGGTT, , ,qPCR
PrGa02_Hu_L4_1D_CITE_2,,264,10X_5'v2,SI-TN-G10,ATTGTACAGT,SI-TN-G10,#NAME?,ACGTAACCAA, , ,qPCR
PrGa02_Hu_L5_2D_CITE_3,,235,10X_5'v2,SI-TN-G11,GACAATTGGG,SI-TN-G11,#NAME?,TTCCAAATGT, , ,qPCR
Eve_Tissue, NV142_Pool4,426,Nextera xt,UDI_Plate_2_C5,GTGTCTGAAT,UDI_Plate_2_C5,#NAME?,ATAGTCGGGT, , ,qPCR
8876_CD_9,,298.7,Nextera xt,UDI_Plate_1_A1,CTGATCGTAT,UDI_Plate_1_A1,#NAME?,GCGCATATGT, , ,qPCR
8876_CD_2,,,Nextera xt,UDI_Plate_1_B1,TACGCTACAT,UDI_Plate_1_B1,#NAME?,CGTGTGATGT, , ,qPCR
8876_CD_4,,,Nextera xt,UDI_Plate_1_C1,CCTTGATCAT,UDI_Plate_1_C1,#NAME?,GATGGAGTGT, , ,qPCR
8876_CD_5,,,Nextera xt,UDI_Plate_1_D1,TGTGACTGAT,UDI_Plate_1_D1,#NAME?,AGCCTATCGT, , ,qPCR
8876_CD_6,,,Nextera xt,UDI_Plate_1_E1,GAGCAGTAAT,UDI_Plate_1_E1,#NAME?,TGAGCTGTGT, , ,qPCR
8876_CD_7,,,Nextera xt,UDI_Plate_1_F1,TGGTAGCTAT,UDI_Plate_1_F1,#NAME?,AGGTGTTGGT, , ,qPCR
8876_CD_8,,,Nextera xt,UDI_Plate_1_G1,GTTGACCTAT,UDI_Plate_1_G1,#NAME?,CAGTGCTTGT, , ,qPCR
8804_CD_1,,,Nextera xt,UDI_Plate_1_H1,CACCTGTTAT,UDI_Plate_1_H1,#NAME?,AGGATAGCGT, , ,qPCR
8804_CD_3,,,Nextera xt,UDI_Plate_1_A2,ACTCTCGAAT,UDI_Plate_1_A2,#NAME?,CTGTACCAGT, , ,qPCR
8804_CD_5,,,Nextera xt,UDI_Plate_1_B2,TGGACTCTAT,UDI_Plate_1_B2,#NAME?,TCTTACGGGT, , ,qPCR
8804_CD_6,,,Nextera xt,UDI_Plate_1_C2,GTCGAAGAAT,UDI_Plate_1_C2,#NAME?,CCACATTGGT, , ,qPCR
8804_CD_7,,,Nextera xt,UDI_Plate_1_D2,GTCATCGAAT,UDI_Plate_1_D2,#NAME?,GATCCACTGT, , ,qPCR
8804_CD_8,,,Nextera xt,UDI_Plate_1_E2,AGTTCGTCAT,UDI_Plate_1_E2,#NAME?,ACTCGATCGT, , ,qPCR
8804_CD_9,,,Nextera xt,UDI_Plate_1_F2,CGCAATCTAT,UDI_Plate_1_F2,#NAME?,ACAGGCATGT, , ,qPCR
8782_CD_1,,,Nextera xt,UDI_Plate_1_G2,CGTGTGTAAT,UDI_Plate_1_G2,#NAME?,CCAACGAAGT, , ,qPCR
8782_CD_2,,,Nextera xt,UDI_Plate_1_H2,CTTCGACTAT,UDI_Plate_1_H2,#NAME?,GATCTTGCGT, , ,qPCR
8782_CD_4,,,Nextera xt,UDI_Plate_1_A3,TGAGCTAGAT,UDI_Plate_1_A3,#NAME?,GAACGGTTGT, , ,qPCR
8782_CD_5,,,Nextera xt,UDI_Plate_1_B3,AGAGTAGCAT,UDI_Plate_1_B3,#NAME?,AAGGCGTAGT, , ,qPCR
8782_CD_6,,,Nextera xt,UDI_Plate_1_C3,ACCACGATAT,UDI_Plate_1_C3,#NAME?,GTCTGCAAGT, , ,qPCR
8782_CD_7,,,Nextera xt,UDI_Plate_1_D3,AGCACTTCAT,UDI_Plate_1_D3,#NAME?,ACGTCCAAGT, , ,qPCR
8782_CD_8,,,Nextera xt,UDI_Plate_1_E3,TTGCGAAGAT,UDI_Plate_1_E3,#NAME?,AACACGCTGT, , ,qPCR
8783_CD_1,,,Nextera xt,UDI_Plate_1_F3,GATGTGTGAT,UDI_Plate_1_F3,#NAME?,TAGCCATGGT, , ,qPCR
8783_CD_2,,,Nextera xt,UDI_Plate_1_G3,ACGACTTGAT,UDI_Plate_1_G3,#NAME?,AACAGCGAGT, , ,qPCR
8783_CD_4,,,Nextera xt,UDI_Plate_1_H3,TGCTTCCAAT,UDI_Plate_1_H3,#NAME?,CGATCGATGT, , ,qPCR
8783_CD_3,,,Nextera xt,UDI_Plate_1_A4,GAGACGATAT,UDI_Plate_1_A4,#NAME?,ACCGGTTAGT, , ,qPCR
8783_CD_5,,,Nextera xt,UDI_Plate_1_B4,ATCCAGAGAT,UDI_Plate_1_B4,#NAME?,TAACGTCGGT, , ,qPCR
8783_CD_6,,,Nextera xt,UDI_Plate_1_C4,GATTACCGAT,UDI_Plate_1_C4,#NAME?,TTGGACTGGT, , ,qPCR
8783_CD_7,,,Nextera xt,UDI_Plate_1_D4,GAAGGAAGAT,UDI_Plate_1_D4,#NAME?,GACGTCATGT, , ,qPCR
8780_CD_1,,,Nextera xt,UDI_Plate_1_E4,ATCGCCATAT,UDI_Plate_1_E4,#NAME?,TGCGTAACGT, , ,qPCR
8780_CD_3,,,Nextera xt,UDI_Plate_1_G4,CACTAGCTAT,UDI_Plate_1_G4,#NAME?,TCGGATTCGT, , ,qPCR
8780_CD_4,,,Nextera xt,UDI_Plate_1_H4,AGAACGAGAT,UDI_Plate_1_H4,#NAME?,ATTAGCCGGT, , ,qPCR
8780_CD_5,,,Nextera xt,UDI_Plate_1_A5,CTTGTCGAAT,UDI_Plate_1_A5,#NAME?,CGATGTTCGT, , ,qPCR
8780_CD_6,,,Nextera xt,UDI_Plate_1_B5,GACGATCTAT,UDI_Plate_1_B5,#NAME?,TCGTGCATGT, , ,qPCR
8780_CD_7,,,Nextera xt,UDI_Plate_1_C5,GCACAACTAT,UDI_Plate_1_C5,#NAME?,CTGAACGTGT, , ,qPCR
8784_CD_1,,,Nextera xt,UDI_Plate_1_D5,GTTGTTCGAT,UDI_Plate_1_D5,#NAME?,CCAACTTCGT, , ,qPCR
8784_CD_2,,,Nextera xt,UDI_Plate_1_E5,TGGCATGTAT,UDI_Plate_1_E5,#NAME?,CGTCTTCAGT, , ,qPCR
8784_CD_3,,,Nextera xt,UDI_Plate_1_F5,CGCTCTATAT,UDI_Plate_1_F5,#NAME?,TTGCAACGGT, , ,qPCR
8784_CD_4,,,Nextera xt,UDI_Plate_1_G5,ACTAGGAGAT,UDI_Plate_1_G5,#NAME?,TATGGCACGT, , ,qPCR
8784_CD_5,,,Nextera xt,UDI_Plate_1_H5,GTTCTCGTAT,UDI_Plate_1_H5,#NAME?,TGTTCCGTGT, , ,qPCR
8784_CD_6,,,Nextera xt,UDI_Plate_1_A6,TTCCAAGGAT,UDI_Plate_1_A6,#NAME?,CTACAAGGGT, , ,qPCR
8784_CD_7,,,Nextera xt,UDI_Plate_1_B6,AACTGAGCAT,UDI_Plate_1_B6,#NAME?,CAATCAGGGT, , ,qPCR
8789_CD_1,,,Nextera xt,UDI_Plate_1_C6,GCGTCATTAT,UDI_Plate_1_C6,#NAME?,CAGACGTTGT, , ,qPCR
8789_CD_2,,,Nextera xt,UDI_Plate_1_D6,CGGTTGTTAT,UDI_Plate_1_D6,#NAME?,GTGGTATGGT, , ,qPCR
8789_CD_4,,,Nextera xt,UDI_Plate_1_E6,CTGTTGACAT,UDI_Plate_1_E6,#NAME?,ACCTCAGTGT, , ,qPCR
8789_CD_5,,,Nextera xt,UDI_Plate_1_F6,TATCGGTCAT,UDI_Plate_1_F6,#NAME?,TACCGGATGT, , ,qPCR
8789_CD_6,,,Nextera xt,UDI_Plate_1_G6,GTAGGAGTAT,UDI_Plate_1_G6,#NAME?,GTCCTAAGGT, , ,qPCR
8789_CD_7,,,Nextera xt,UDI_Plate_1_H6,TCAGGCTTAT,UDI_Plate_1_H6,#NAME?,ATCATGCGGT, , ,qPCR
8789_CD_8,,,Nextera xt,UDI_Plate_1_A7,CGCATGATAT,UDI_Plate_1_A7,#NAME?,AAGCCTGAGT, , ,qPCR
8793_CD_1,,,Nextera xt,UDI_Plate_1_B7,CTTAGGACAT,UDI_Plate_1_B7,#NAME?,ACTCCTACGT, , ,qPCR
8793_CD_3,,,Nextera xt,UDI_Plate_1_C7,ATCCGGTAAT,UDI_Plate_1_C7,#NAME?,GACCGATAGT, , ,qPCR
8793_CD_5,,,Nextera xt,UDI_Plate_1_D7,ACTGAGGTAT,UDI_Plate_1_D7,#NAME?,GTCAACAGGT, , ,qPCR
8793_CD_6,,,Nextera xt,UDI_Plate_1_E7,CATACCACAT,UDI_Plate_1_E7,#NAME?,AACAACCGGT, , ,qPCR
8793_CD_7,,,Nextera xt,UDI_Plate_1_F7,AACGTCTGAT,UDI_Plate_1_F7,#NAME?,AATGACGCGT, , ,qPCR
8793_CD_8,,,Nextera xt,UDI_Plate_1_G7,CCTGATTGAT,UDI_Plate_1_G7,#NAME?,GCTCAGTTGT, , ,qPCR
8793_CD_9,,,Nextera xt,UDI_Plate_1_H7,CCTTGTAGAT,UDI_Plate_1_H7,#NAME?,CCTTGGAAGT, , ,qPCR
8793_CD_10,,,Nextera xt,UDI_Plate_1_A8,ACGGAACAAT,UDI_Plate_1_A8,#NAME?,ACGAGAACGT, , ,qPCR
8796_CD_1,,,Nextera xt,UDI_Plate_1_B8,GTGCCATAAT,UDI_Plate_1_B8,#NAME?,CTCCTAGTGT, , ,qPCR
8796_CD_4,,,Nextera xt,UDI_Plate_1_C8,CGTTGCAAAT,UDI_Plate_1_C8,#NAME?,ATAGAGCGGT, , ,qPCR
8796_CD_6,,,Nextera xt,UDI_Plate_1_D8,TGAAGACGAT,UDI_Plate_1_D8,#NAME?,ACATGCCAGT, , ,qPCR
8796_CD_7,,,Nextera xt,UDI_Plate_1_E8,GAAGTTGGAT,UDI_Plate_1_E8,#NAME?,CGAACAACGT, , ,qPCR
8796_CD_8,,,Nextera xt,UDI_Plate_1_F8,ACGTTCAGAT,UDI_Plate_1_F8,#NAME?,AGTTGTGCGT, , ,qPCR
8796_CD_10,,,Nextera xt,UDI_Plate_1_G8,ATGCACGAAT,UDI_Plate_1_G8,#NAME?,AGATCGTCGT, , ,qPCR
8799_CD_1,,,Nextera xt,UDI_Plate_1_H8,GAACATCGAT,UDI_Plate_1_H8,#NAME?,TCGACAAGGT, , ,qPCR
8799_CD_3,,,Nextera xt,UDI_Plate_1_A9,CGGCTAATAT,UDI_Plate_1_A9,#NAME?,CTCGTTCTGT, , ,qPCR
8799_CD_5,,,Nextera xt,UDI_Plate_1_B9,GAATCCGAAT,UDI_Plate_1_B9,#NAME?,AGCTAGTGGT, , ,qPCR
8799_CD_6,,,Nextera xt,UDI_Plate_1_C9,GTGAAGTGAT,UDI_Plate_1_C9,#NAME?,GAGCAATCGT, , ,qPCR
8799_CD_7,,,Nextera xt,UDI_Plate_1_D9,GTTACGCAAT,UDI_Plate_1_D9,#NAME?,ATGGCGATGT, , ,qPCR
8799_CD_8,,,Nextera xt,UDI_Plate_1_E9,ATGACGTCAT,UDI_Plate_1_E9,#NAME?,CTTCCTTCGT, , ,qPCR
8799_CD_9,,,Nextera xt,UDI_Plate_1_F9,CAGTCCAAAT,UDI_Plate_1_F9,#NAME?,CGGTAATCGT, , ,qPCR
8799_CD_10,,,Nextera xt,UDI_Plate_1_G9,CGACGTTAAT,UDI_Plate_1_G9,#NAME?,CTCTGGATGT, , ,qPCR
8801_CD_1,,,Nextera xt,UDI_Plate_1_H9,TAACCGGTAT,UDI_Plate_1_H9,#NAME?,ATCGTCTCGT, , ,qPCR
8801_CD_3,,,Nextera xt,UDI_Plate_1_A10,ATCGATCGAT,UDI_Plate_1_A10,#NAME?,TGGAAGCAGT, , ,qPCR
8801_CD_5,,,Nextera xt,UDI_Plate_1_B10,TCGCTGTTAT,UDI_Plate_1_B10,#NAME?,CAAGTCGTGT, , ,qPCR
8801_CD_6,,,Nextera xt,UDI_Plate_1_C10,CATGGCTAAT,UDI_Plate_1_C10,#NAME?,CACACATCGT, , ,qPCR
8801_CD_7,,,Nextera xt,UDI_Plate_1_D10,AGCGTGTTAT,UDI_Plate_1_D10,#NAME?,CTTCGCAAGT, , ,qPCR
8801_CD_8,,,Nextera xt,UDI_Plate_1_E10,TTGGACGTAT,UDI_Plate_1_E10,#NAME?,GAAGTGCTGT, , ,qPCR
8801_CD_9,,,Nextera xt,UDI_Plate_1_F10,TTGCAGACAT,UDI_Plate_1_F10,#NAME?,ATCGTGGTGT, , ,qPCR
8801_CD_10,,,Nextera xt,UDI_Plate_1_G10,TACGCCTTAT,UDI_Plate_1_G10,#NAME?,GCTACTCTGT, , ,qPCR
8790_CD_4,,,Nextera xt,UDI_Plate_1_B11,TTCGTTGGAT,UDI_Plate_1_B11,#NAME?,TACACACGGT, , ,qPCR
8790_CD_5,,,Nextera xt,UDI_Plate_1_C11,ATGCCTGTAT,UDI_Plate_1_C11,#NAME?,AGATTGCGGT, , ,qPCR
8790_CD_6,,,Nextera xt,UDI_Plate_1_D11,GATCGAGTAT,UDI_Plate_1_D11,#NAME?,GACGAACTGT, , ,qPCR
8790_CD_7,,,Nextera xt,UDI_Plate_1_E11,AGTGGATCAT,UDI_Plate_1_E11,#NAME?,TCGATGACGT, , ,qPCR
8790_CD_8,,,Nextera xt,UDI_Plate_1_F11,CAATGTGGAT,UDI_Plate_1_F11,#NAME?,TCTTCGACGT, , ,qPCR
8790_CD_9,,,Nextera xt,UDI_Plate_1_G11,CCGTAAGAAT,UDI_Plate_1_G11,#NAME?,AGAGTCCAGT, , ,qPCR
8803_CD_1,,,Nextera xt,UDI_Plate_1_H11,TGGTACAGAT,UDI_Plate_1_H11,#NAME?,TCGAGAGTGT, , ,qPCR
8803_CD_2,,,Nextera xt,UDI_Plate_1_A12,GCTATCCTAT,UDI_Plate_1_A12,#NAME?,AACAGGTGGT, , ,qPCR
8803_CD_4,,,Nextera xt,UDI_Plate_1_B12,AAGCACTGAT,UDI_Plate_1_B12,#NAME?,AGGTCAACGT, , ,qPCR
8803_CD_5,,,Nextera xt,UDI_Plate_1_C12,CAACACCTAT,UDI_Plate_1_C12,#NAME?,AGCTACCAGT, , ,qPCR
8803_CD_6,,,Nextera xt,UDI_Plate_1_D12,ACAGCTCAAT,UDI_Plate_1_D12,#NAME?,TACTGCTCGT, , ,qPCR
8803_CD_7,,,Nextera xt,UDI_Plate_1_E12,GATAGGCTAT,UDI_Plate_1_E12,#NAME?,CAGTCACAGT, , ,qPCR
8803_CD_8,,,Nextera xt,UDI_Plate_1_F12,ACTCCATCAT,UDI_Plate_1_F12,#NAME?,GATCAAGGGT, , ,qPCR
8803_CD_9,,,Nextera xt,UDI_Plate_1_G12,ATCACACGAT,UDI_Plate_1_G12,#NAME?,GTAGCGTAGT, , ,qPCR
8797_CD_1,,302,Nextera xt,UDI_Plate_2_A1,GCCTATCAAT,UDI_Plate_2_A1,#NAME?,AATGGTCGGT, , ,qPCR
8797_CD_3,,,Nextera xt,UDI_Plate_2_B1,CTTACCTGAT,UDI_Plate_2_B1,#NAME?,GCAATGAGGT, , ,qPCR
8797_CD_4,,,Nextera xt,UDI_Plate_2_C1,GAGCTTGTAT,UDI_Plate_2_C1,#NAME?,CCTCGAATGT, , ,qPCR
8797_CD_5,,,Nextera xt,UDI_Plate_2_D1,ACACGGTTAT,UDI_Plate_2_D1,#NAME?,TGGTTCGAGT, , ,qPCR
8797_CD_6,,,Nextera xt,UDI_Plate_2_E1,AGCGGAATAT,UDI_Plate_2_E1,#NAME?,ACTGCACTGT, , ,qPCR
8797_CD_7,,,Nextera xt,UDI_Plate_2_F1,ATTGCGTGAT,UDI_Plate_2_F1,#NAME?,GTTATGGCGT, , ,qPCR
8797_CD_8,,,Nextera xt,UDI_Plate_2_G1,GTCCTTCTAT,UDI_Plate_2_G1,#NAME?,TGTGTCAGGT, , ,qPCR
8802_CD_1,,,Nextera xt,UDI_Plate_2_H1,TGTCTGCTAT,UDI_Plate_2_H1,#NAME?,GTCGATTGGT, , ,qPCR
8802_CD_3,,,Nextera xt,UDI_Plate_2_A2,CTTGGATGAT,UDI_Plate_2_A2,#NAME?,TCGCTATCGT, , ,qPCR
8802_CD_5,,,Nextera xt,UDI_Plate_2_B2,CTCGATACAT,UDI_Plate_2_B2,#NAME?,AAGCTGGTGT, , ,qPCR
8802_CD_6,,,Nextera xt,UDI_Plate_2_C2,GAAGGTTCAT,UDI_Plate_2_C2,#NAME?,CCAGTATCGT, , ,qPCR
8802_CD_7,,,Nextera xt,UDI_Plate_2_D2,AATACGCGAT,UDI_Plate_2_D2,#NAME?,TGCGATAGGT, , ,qPCR
8802_CD_8,,,Nextera xt,UDI_Plate_2_E2,GTGAGCTTAT,UDI_Plate_2_E2,#NAME?,CGGATCAAGT, , ,qPCR
8802_CD_9,,,Nextera xt,UDI_Plate_2_F2,CTGAAGCTAT,UDI_Plate_2_F2,#NAME?,ACTCTGAGGT, , ,qPCR
8877_CD_8,,,Nextera xt,UDI_Plate_2_G2,TGATACGCAT,UDI_Plate_2_G2,#NAME?,CAACGAGTGT, , ,qPCR
8877_CD_1,,,Nextera xt,UDI_Plate_2_H2,CGCTTAACAT,UDI_Plate_2_H2,#NAME?,AAGTCCTCGT, , ,qPCR
8877_CD_3,,,Nextera xt,UDI_Plate_2_A3,AGTCTCACAT,UDI_Plate_2_A3,#NAME?,CGTCCATTGT, , ,qPCR
8877_CD_4,,,Nextera xt,UDI_Plate_2_D5,GTGGTGTTAT,UDI_Plate_2_D5,#NAME?,GCTGTAAGGT, , ,qPCR
8877_CD_5,,,Nextera xt,UDI_Plate_2_C3,ATCTCGCTAT,UDI_Plate_2_C3,#NAME?,AACAAGGCGT, , ,qPCR
8877_CD_6,,,Nextera xt,UDI_Plate_2_D3,TGCGAACTAT,UDI_Plate_2_D3,#NAME?,CAACCGTAGT, , ,qPCR
8877_CD_7,,,Nextera xt,UDI_Plate_2_E3,CGTGATCAAT,UDI_Plate_2_E3,#NAME?,GAATGGCAGT, , ,qPCR
8878_CD_8,,,Nextera xt,UDI_Plate_2_F3,TAACGAGGAT,UDI_Plate_2_F3,#NAME?,TAGTCTCGGT, , ,qPCR
8878_CD_2,,,Nextera xt,UDI_Plate_2_G3,CTGTGTTGAT,UDI_Plate_2_G3,#NAME?,TAGGAGCTGT, , ,qPCR
8878_CD_4,,,Nextera xt,UDI_Plate_2_H3,GATCCATGAT,UDI_Plate_2_H3,#NAME?,CAACTCCAGT, , ,qPCR
8878_CD_5,,,Nextera xt,UDI_Plate_2_A4,CTCATCAGAT,UDI_Plate_2_A4,#NAME?,TACTAGCGGT, , ,qPCR
8878_CD_6,,,Nextera xt,UDI_Plate_2_B4,TAGAGCTCAT,UDI_Plate_2_B4,#NAME?,AGAAGCCTGT, , ,qPCR
8878_CD_7,,,Nextera xt,UDI_Plate_2_C4,AGTTACGGAT,UDI_Plate_2_C4,#NAME?,GAGACCAAGT, , ,qPCR
8879_CD_1,,,Nextera xt,UDI_Plate_2_E4,TCGCATTGAT,UDI_Plate_2_E4,#NAME?,ACAGCAAGGT, , ,qPCR
8879_CD_3,,,Nextera xt,UDI_Plate_2_F4,TCGTCTCAAT,UDI_Plate_2_F4,#NAME?,AACGCACAGT, , ,qPCR
8879_CD_4,,,Nextera xt,UDI_Plate_2_G4,AACGTGGAAT,UDI_Plate_2_G4,#NAME?,CCGATGTAGT, , ,qPCR
8879_CD_5,,,Nextera xt,UDI_Plate_2_H4,ACCTCTGTAT,UDI_Plate_2_H4,#NAME?,ATGCCTAGGT, , ,qPCR
8879_CD_6,,,Nextera xt,UDI_Plate_2_A5,TGTACCGTAT,UDI_Plate_2_A5,#NAME?,CCTAGAGAGT, , ,qPCR
8879_CD_7,,,Nextera xt,UDI_Plate_2_B5,TGACTGACAT,UDI_Plate_2_B5,#NAME?,CAGAACTGGT, , ,qPCR
RiSiPT03_Hu_Bulk_CD4_4D_TCR_1,,573,10X_5'v2,SI-TT-H5,AGCAAGAAGC,SI-TT-H5,#NAME?,AGAAACACAA, , ,qPCR
RiSiPT03_Hu_Bulk_CD4_4D_TCR_2,,604,10X_5'v2,SI-TT-H6,CCTATCCTCG,SI-TT-H6,#NAME?,GTTAGTATTC, , ,qPCR
RiSiPT03_Hu_IFNg_CD4_4D_TCR_3,,590,10X_5'v2,SI-TT-H7,ACCTCGAGCT,SI-TT-H7,#NAME?,ATCGAACACA, , ,qPCR
RiSiPT03_Hu_IFNg_CD4_4D_TCR_4,,591,10X_5'v2,SI-TT-H8,ATAAGGATAC,SI-TT-H8,#NAME?,CCCTATCTAT, , ,qPCR
RiSiPT03_Hu_Bulk_CD4_4D_CITE_1,,213,10X_5'v2,SI-TN-F11,TCATATGTGA,SI-TN-F11,#NAME?,AGAACACTTT, , ,qPCR
RiSiPT03_Hu_Bulk_CD4_4D_CITE_2,,221,10X_5'v2,SI-TN-F12,CGCCCTCATC,SI-TN-F12,#NAME?,GCGTAGACGC, , ,qPCR
RiSiPT03_Hu_IFNg_CD4_4D_CITE_3,,217,10X_5'v2,SI-TN-G1,TCATCGTTCT,SI-TN-G1,#NAME?,TTCCCGAATT, , ,qPCR
RiSiPT03_Hu_IFNg_CD4_4D_CITE_4,,220,10X_5'v2,SI-TN-G2,GCACTACTGA,SI-TN-G2,#NAME?,AACCGTAGTG, , ,qPCR
RiSiPT04_Hu_Bulk_CD4_4D_TCR_1,,611,10X_5'v2,SI-TT-H9,AGAACTTAGA,SI-TT-H9,#NAME?,AAAGGACTCG, , ,qPCR
RiSiPT04_Hu_Bulk_CD4_4D_TCR_2,,604,10X_5'v2,SI-TT-H10,TTATCTAGGG,SI-TT-H10,#NAME?,TAGAGCCTTT, , ,qPCR
RiSiPT04_Hu_IFNg_CD4_4D_TCR_3,,604,10X_5'v2,SI-TT-H11,ACAATCGATC,SI-TT-H11,#NAME?,CATTCCGTCA, , ,qPCR
RiSiPT04_Hu_IFNg_CD4_4D_TCR_4,,606,10X_5'v2,SI-TT-H12,TGATGATTCA,SI-TT-H12,#NAME?,CGACTCCTAC, , ,qPCR
RiSiPT04_Hu_Bulk_CD4_4D_CITE_1,,215,10X_5'v2,SI-TN-G3,GTTATCACGA,SI-TN-G3,#NAME?,GAGGTGTTGC, , ,qPCR
RiSiPT04_Hu_Bulk_CD4_4D_CITE_2,,210,10X_5'v2,SI-TN-G4,CAGGCGAATA,SI-TN-G4,#NAME?,CGGTAAAGGG, , ,qPCR
PrGa01_Hu_L1_2D_Gex_1,NV142_Pool5,507,10X_5'v2,SI-TT-A7,TCCCAAGGGT,SI-TT-A7,#NAME?,AAAGGTAGTA, , ,qPCR
PrGa01_Hu_L2_2D_Gex_2,,525,10X_5'v2,SI-TT-A8,CGAAGTATAC,SI-TT-A8,#NAME?,CTCCAAGTTC, , ,qPCR
PrGa01_Hu_L1_2D_TCR_1,,543,10X_5'v2,SI-TT-A1,GTAACATGCG,SI-TT-A1,#NAME?,AGGTAACACT, , ,qPCR
PrGa01_Hu_L2_2D_TCR_2,,583,10X_5'v2,SI-TT-A2,GTGGATCAAA,SI-TT-A2,#NAME?,CAGGGTTGGC, , ,qPCR
PrGa01_Hu_L1_2D_CITE_1,,229,10X_5'v2,SI-TN-G7,ATCACCGTTT,SI-TN-G7,#NAME?,CTCCTCGACA, , ,qPCR
PrGa02_Hu_L3_1D_Gex_1,,514,10X_5'v2,SI-TT-A9,AAGTGGAGAG,SI-TT-A9,#NAME?,GTAACAGGAA, , ,qPCR
